Category Label,Category ID
Arts and Entertainment,4d4b7104d754a06370d81259
Amusement Parks,4bf58dd8d48988d182941735
Attractions,5109983191d435c0d71c2bb1
Aquariums,4fceea171983d5d06c3e9823
Arcades,4bf58dd8d48988d1e1931735
Art Galleries,4bf58dd8d48988d1e2931735
Bingo Centers,63be6904847c3692a84b9b20
Bowling Alleys,4bf58dd8d48988d1e4931735
Carnivals,63be6904847c3692a84b9b21
Casinos,4bf58dd8d48988d17c941735
Circuses,52e81612bcbc57f1066b79e7
Comedy Clubs,4bf58dd8d48988d18e941735
Country Clubs,63be6904847c3692a84b9b22
Country Dance Clubs,52e81612bcbc57f1066b79ef
Dance Halls,63be6904847c3692a84b9b23
Disc Golf Courses,63be6904847c3692a84b9c03
Disc Golfs,52e81612bcbc57f1066b79e8
Escape Rooms,5f2c2834b6d05514c704451e
Exhibits,56aa371be4b08b9a8d573532
Fairs,4eb1daf44b900d56c88a4600
Gaming Cafes,4bf58dd8d48988d18d941735
Go Kart Tracks,52e81612bcbc57f1066b79ea
Internet Cafes,4bf58dd8d48988d1f0941735
Karaoke Boxes,5744ccdfe4b0c0459246b4bb
Laser Tag Centers,52e81612bcbc57f1066b79e6
Mini Golf Courses,52e81612bcbc57f1066b79eb
Movie Theaters,4bf58dd8d48988d17f941735
Drive-in Theaters,56aa371be4b08b9a8d5734de
Indie Movie Theaters,4bf58dd8d48988d17e941735
Museums,4bf58dd8d48988d181941735
Art Museums,4bf58dd8d48988d18f941735
Erotic Museums,559acbe0498e472f1a53fa23
History Museums,4bf58dd8d48988d190941735
Science Museums,4bf58dd8d48988d191941735
Night Clubs,4bf58dd8d48988d11f941735
Pachinko Parlors,5744ccdfe4b0c0459246b4b8
Party Centers,63be6904847c3692a84b9b24
Performing Arts Venues,4bf58dd8d48988d1f2931735
Amphitheaters,56aa371be4b08b9a8d5734db
Concert Halls,5032792091d4c4b30a586d5c
Indie Theaters,4bf58dd8d48988d135941735
Music Venues,4bf58dd8d48988d1e5931735
Jazz and Blues Venues,4bf58dd8d48988d1e7931735
Rock Clubs,4bf58dd8d48988d1e9931735
Opera Houses,4bf58dd8d48988d136941735
Theaters,4bf58dd8d48988d137941735
Planetariums,4bf58dd8d48988d192941735
Pool Halls,4bf58dd8d48988d1e3931735
Psychics and Astrologers,52f2ab2ebcbc57f1066b8b43
Public Art,507c8c4091d498d9fc8c67a9
Outdoor Sculptures,52e81612bcbc57f1066b79ed
Street Arts,52e81612bcbc57f1066b79ee
Roller Rinks,52e81612bcbc57f1066b79e9
Salsa Clubs,52e81612bcbc57f1066b79ec
Samba Schools,56aa371be4b08b9a8d5734f9
Stadiums,4bf58dd8d48988d184941735
Baseball Stadiums,4bf58dd8d48988d18c941735
Basketball Stadiums,4bf58dd8d48988d18b941735
Football Stadiums,4bf58dd8d48988d189941735
Hockey Stadiums,4bf58dd8d48988d185941735
Rugby Stadiums,56aa371be4b08b9a8d573556
Soccer Stadiums,4bf58dd8d48988d188941735
Tennis Stadiums,4e39a891bd410d7aed40cbc2
Track Stadiums,4bf58dd8d48988d187941735
Strip Clubs,4bf58dd8d48988d1d6941735
Ticket Sellers,63be6904847c3692a84b9b25
VR Cafes,5f2c14a5b6d05514c7042eb7
Water Parks,4bf58dd8d48988d193941735
Zoos,4bf58dd8d48988d17b941735
Zoo Exhibits,58daa1558bbb0b01f18ec1fd
Business and Professional Services,4d4b7105d754a06375d81259
Advertising Agencies,52e81612bcbc57f1066b7a3d
Agriculture and Forestry Services,63be6904847c3692a84b9b26
Appraisers,63be6904847c3692a84b9b27
Architecture Firms,5fac002599ce226e27fe72e5
Art Restoration Services,63be6904847c3692a84b9b28
Art Studios,58daa1558bbb0b01f18ec1d6
Audiovisual Services,63be6904847c3692a84b9b29
Auditoriums,4bf58dd8d48988d173941735
Automation and Control Systems,63be6904847c3692a84b9b2a
Automotive Services,63be6904847c3692a84b9b2b
Automotive Repair Shops,52f2ab2ebcbc57f1066b8b44
Car Washes and Details,4f04ae1f2fb6e1c99f3db0ba
Motorcycle Repair Shops,63be6904847c3692a84b9b2c
Oil Change Services,63be6904847c3692a84b9b2d
Smog Check Shops,63be6904847c3692a84b9b2e
Tire Repair Shops,63be6904847c3692a84b9b2f
Towing Services,63be6904847c3692a84b9b30
Transmissions Shops,63be6904847c3692a84b9b31
Vehicle Inspection Stations,5f2c1e0db6d05514c70436d4
Ballrooms,56aa371be4b08b9a8d5734cf
Business Centers,56aa371be4b08b9a8d573517
Business Services,5453de49498eade8af355881
Career Counselors,63be6904847c3692a84b9b33
Chemicals and Gasses Manufacturers,63be6904847c3692a84b9b34
Child Care Services,5744ccdfe4b0c0459246b4c7
Daycares,4f4532974b9074f6e4fb0104
Computer Repair Services,63be6904847c3692a84b9b35
Construction,63be6904847c3692a84b9b36
Convention Centers,4bf58dd8d48988d1ff931735
Conference Rooms,4bf58dd8d48988d100941735
Creative Services,63be6904847c3692a84b9b37
Design Studios,4bf58dd8d48988d1f4941735
Direct Mail and Email Marketing Services,63be6904847c3692a84b9b38
Distribution Centers,52e81612bcbc57f1066b7a37
Electrical Equipment Suppliers,63be6904847c3692a84b9b39
Employment Agencies,52f2ab2ebcbc57f1066b8b57
Engineers,63be6904847c3692a84b9b3a
Entertainment Agencies,63be6904847c3692a84b9b3b
Entertainment Services,56aa371be4b08b9a8d573554
Equipment Rental Services,63be6904847c3692a84b9b3c
Event Services,5454152e498ef71e2b9132c6
Event Spaces,4bf58dd8d48988d171941735
Factories,4eb1bea83b7b6f98df247e06
Film Studios,56aa371be4b08b9a8d573523
Financial Services,63be6904847c3692a84b9b3d
Accounting and Bookkeeping Services,63be6904847c3692a84b9b3e
Banking and Finances,63be6904847c3692a84b9b3f
ATMs,52f2ab2ebcbc57f1066b8b56
Banks,4bf58dd8d48988d10a951735
Credit Unions,5032850891d4c4b30a586d62
Business Brokers,63be6904847c3692a84b9b40
Check Cashing Services,52f2ab2ebcbc57f1066b8b2d
Collections Services,63be6904847c3692a84b9b41
Credit Counseling and Bankruptcy Services,63be6904847c3692a84b9b42
Currency Exchanges,5744ccdfe4b0c0459246b4be
Financial Planners,63be6904847c3692a84b9b43
Loans Agencies,63be6904847c3692a84b9b44
Stock Brokers,63be6904847c3692a84b9b45
Food and Beverage Services,56aa371be4b08b9a8d573550
Caterers,63be6904847c3692a84b9b46
Food Distribution Centers,63be6904847c3692a84b9b47
Funeral Homes,4f4534884b9074f6e4fb0174
Geological Services,63be6904847c3692a84b9b48
Health and Beauty Services,54541900498ea6ccd0202697
Barbershops,63be6904847c3692a84b9b49
Bath Houses,52e81612bcbc57f1066b7a27
Body Piercing Shops,52f2ab2ebcbc57f1066b8b20
Dry Cleaners,52f2ab2ebcbc57f1066b8b1d
Hair Removal Services,63be6904847c3692a84b9b4a
Hair Salons,4bf58dd8d48988d110951735
Massage Clinics,52f2ab2ebcbc57f1066b8b3c
Nail Salons,4f04aa0c2fb6e1c99f3db0b8
Skin Care Clinics,63be6904847c3692a84b9b4b
Spas,4bf58dd8d48988d1ed941735
Tanning Salons,4d1cf8421a97d635ce361c31
Tattoo Parlors,4bf58dd8d48988d1de931735
Home Improvement Services,63be6904847c3692a84b9b58
Bathroom Contractors,63be6904847c3692a84b9b4c
Carpenters,63be6904847c3692a84b9b4d
Carpet and Flooring Contractors,63be6904847c3692a84b9b4e
Chimney Sweeps,63be6904847c3692a84b9b4f
Deck and Patio Contractors,63be6904847c3692a84b9b50
Doors and Windows Contractors,63be6904847c3692a84b9b51
Electricians,63be6904847c3692a84b9b52
Fence Contractors,63be6904847c3692a84b9b53
Garage Door Suppliers,63be6904847c3692a84b9b54
General Contractors,63be6904847c3692a84b9b55
"Heating, Ventilating and Air Conditioning Contractors",63be6904847c3692a84b9b56
Home Inspections,63be6904847c3692a84b9b57
Home Services,545419b1498ea6ccd0202f58
Interior Designers,63be6904847c3692a84b9b59
Kitchen Remodelers,63be6904847c3692a84b9b5a
Landscaper and Gardeners,63be6904847c3692a84b9b5b
Movers,63be6904847c3692a84b9b5c
Painters,63be6904847c3692a84b9b5d
Pest Control Services,63be6904847c3692a84b9b5e
Plumbers,63be6904847c3692a84b9b5f
Professional Cleaning Services,63be6904847c3692a84b9b60
Roofers,63be6904847c3692a84b9b61
Sewer Contractors,63be6904847c3692a84b9b62
Swimming Pool Maintenance and Services,63be6904847c3692a84b9b63
Tree Services,63be6904847c3692a84b9b64
Upholstery Services,63be6904847c3692a84b9b65
Human Resources Agencies,63be6904847c3692a84b9b66
Import and Export Services,63be6904847c3692a84b9b67
Industrial Equipment Suppliers,63be6904847c3692a84b9b68
Industrial Estates,56aa371be4b08b9a8d5734d7
Insurance Agencies,58daa1558bbb0b01f18ec1f1
Laboratories,63be6904847c3692a84b9b69
Laundromats,52f2ab2ebcbc57f1066b8b33
Laundry Services,4bf58dd8d48988d1fc941735
Leather Suppliers,63be6904847c3692a84b9b6a
Legal Services,63be6904847c3692a84b9b6b
Immigration Attorneys,63be6904847c3692a84b9b6c
Law Offices,52f2ab2ebcbc57f1066b8b3f
Notaries,5ae95d208a6f17002ce792b2
Locksmiths,52f2ab2ebcbc57f1066b8b1e
Logging Services,63be6904847c3692a84b9b6d
Lottery Retailers,52f2ab2ebcbc57f1066b8b38
Machine Shops,63be6904847c3692a84b9b6e
Management Consultants,63be6904847c3692a84b9b6f
Manufacturers,63be6904847c3692a84b9b70
Market Research and Consulting,63be6904847c3692a84b9b71
Media Agencies,63be6904847c3692a84b9b72
Metals Suppliers,63be6904847c3692a84b9b73
Mobile Companies,63be6904847c3692a84b9b74
Offices,4bf58dd8d48988d124941735
Business and Strategy Consulting Offices,63be6904847c3692a84b9b32
Campaign Offices,5032764e91d4c4b30a586d5a
Corporate Amenities,5665ef1d498ec706735f0e59
Corporate Cafeterias,54f4ba06498e2cf5561da814
Corporate Coffee Shops,5665c7b9498e7d8a4f2c0f06
Corporate Housing Agencies,63be6904847c3692a84b9b75
Coworking Spaces,4bf58dd8d48988d174941735
Meeting Rooms,4bf58dd8d48988d127941735
Office Buildings,63be6904847c3692a84b9b76
Tech Startups,4bf58dd8d48988d125941735
Online Advertising,63be6904847c3692a84b9b77
Outdoor Event Spaces,56aa371be4b08b9a8d57356a
Paper Suppliers,63be6904847c3692a84b9b78
Pet Services,5032897c91d4c4b30a586d69
Pet Grooming Services,63be6904847c3692a84b9b79
Pet Sitting and Boarding Services,63be6904847c3692a84b9b7a
Petroleum Suppliers,63be6904847c3692a84b9b7b
Photography Services,63be6904847c3692a84b9b7d
Photographers,63be6904847c3692a84b9b7c
Photography Labs,4eb1bdde3b7b55596b4a7490
Photography Studios,554a5e17498efabeda6cc559
Plastics Suppliers,63be6904847c3692a84b9b7e
Power Plants,58daa1548bbb0b01f18ec1a9
"Print, TV, Radio and Outdoor Advertising",63be6904847c3692a84b9b7f
Promotional Items,63be6904847c3692a84b9b80
Public Relations Firms,63be6904847c3692a84b9b81
Publishers,63be6904847c3692a84b9b82
Radio Stations,5032856091d4c4b30a586d63
Real Estate Services,63be6904847c3692a84b9b83
Building and Land Surveyors,63be6904847c3692a84b9b84
Commercial Real Estate Developers,63be6904847c3692a84b9b85
Property Management Offices,63be6904847c3692a84b9b86
Real Estate Agencies,5032885091d4c4b30a586d66
Real Estate Appraisers,63be6904847c3692a84b9b87
Real Estate Development and Title Companies,63be6904847c3692a84b9b88
Recording Studios,52f2ab2ebcbc57f1066b8b37
Recycling Facilities,4f4531084b9074f6e4fb0101
Refrigeration and Ice Suppliers,63be6904847c3692a84b9b89
Renewable Energy Services,63be6904847c3692a84b9b8a
Rental Services,56aa371be4b08b9a8d573552
Repair Services,52f2ab2ebcbc57f1066b8b2f
Research Laboratories,5744ccdfe4b0c0459246b4d6
Research Stations,58daa1558bbb0b01f18ec1b2
Rubber Suppliers,63be6904847c3692a84b9b8b
Salvage Yards,63be6904847c3692a84b9b8c
Scientific Equipment Suppliers,63be6904847c3692a84b9b8d
Search Engine Marketing and Optimization,63be6904847c3692a84b9b8e
Security and Safety,63be6904847c3692a84b9b8f
"Shipping, Freight, and Material Transportation Services",52f2ab2ebcbc57f1066b8b1f
Shoe Repair Services,52f2ab2ebcbc57f1066b8b39
Storage Facilities,4f04b1572fb6e1c99f3db0bf
Tailors,5032781d91d4c4b30a586d5b
Technology Business,63be6904847c3692a84b9b90
IT Services,52f2ab2ebcbc57f1066b8b36
Software Companies,63be6904847c3692a84b9b91
Website Designers,63be6904847c3692a84b9b92
Telecommunication Services,63be6904847c3692a84b9b93
Translation Services,63be6904847c3692a84b9b94
Tutoring Services,63be6904847c3692a84b9b95
TV Stations,52e81612bcbc57f1066b7a31
Warehouses,52e81612bcbc57f1066b7a36
Waste Management Services,58daa1558bbb0b01f18ec1ac
Water Treatment Services,63be6904847c3692a84b9b96
Wedding Halls,56aa371be4b08b9a8d5734c5
Welding Services,63be6904847c3692a84b9b97
Wholesalers,63be6904847c3692a84b9b98
"Writing, Copywriting and Technical Writing",63be6904847c3692a84b9b99
Communities and Government,63be6904847c3692a84b9b9a
Addiction Treatment Centers,63be6904847c3692a84b9b9b
Animal Shelters,4e52d2d203646f7c19daa8ae
Assisted Living,5032891291d4c4b30a586d68
Cemeteries,4bf58dd8d48988d15c941735
Community Centers,52e81612bcbc57f1066b7a34
Cultural Centers,52e81612bcbc57f1066b7a32
Disabled Persons Services,63be6904847c3692a84b9b9c
Domestic Abuse Treatment Centers,63be6904847c3692a84b9b9d
Dumps,63be6904847c3692a84b9b9e
Education,4bf58dd8d48988d13b941735
Adult Education,56aa371ce4b08b9a8d573570
Art Schools,63be6904847c3692a84b9b9f
Circus Schools,52e81612bcbc57f1066b7a43
Colleges and Universities,4d4b7105d754a06372d81259
College Academic Buildings,4bf58dd8d48988d198941735
College Administrative Buildings,4bf58dd8d48988d197941735
College Arts Buildings,4bf58dd8d48988d199941735
College Auditoriums,4bf58dd8d48988d1af941735
College Baseball Diamonds,4bf58dd8d48988d1bb941735
College Basketball Courts,4bf58dd8d48988d1ba941735
College Bookstores,4bf58dd8d48988d1b1941735
College Cafeterias,4bf58dd8d48988d1a1941735
College Classrooms,4bf58dd8d48988d1a0941735
College Communications Buildings,4bf58dd8d48988d19a941735
College Cricket Pitches,4bf58dd8d48988d1b9941735
College Engineering Buildings,4bf58dd8d48988d19e941735
College Football Fields,4bf58dd8d48988d1b8941735
College Gyms,4bf58dd8d48988d1b2941735
College History Buildings,4bf58dd8d48988d19d941735
College Hockey Rinks,4bf58dd8d48988d1b5941735
College Labs,4bf58dd8d48988d1a5941735
College Libraries,4bf58dd8d48988d1a7941735
College Math Buildings,4bf58dd8d48988d19c941735
College Quads,4bf58dd8d48988d1aa941735
College Rec Centers,4bf58dd8d48988d1a9941735
College Residence Halls,4bf58dd8d48988d1a3941735
College Science Buildings,4bf58dd8d48988d19b941735
College Soccer Fields,4bf58dd8d48988d1b7941735
College Stadiums,4bf58dd8d48988d1b4941735
College Technology Buildings,4bf58dd8d48988d19f941735
College Tennis Courts,4e39a9cebd410d7aed40cbc4
College Theaters,4bf58dd8d48988d1ac941735
College Tracks,4bf58dd8d48988d1b6941735
Community Colleges,4bf58dd8d48988d1a2941735
Fraternity Houses,4bf58dd8d48988d1b0941735
Law Schools,4bf58dd8d48988d1a6941735
Medical Schools,4bf58dd8d48988d1b3941735
Sorority Houses,4bf58dd8d48988d141941735
Student Centers,4bf58dd8d48988d1ab941735
Universities,4bf58dd8d48988d1ae941735
Computer Training Schools,63be6904847c3692a84b9ba0
Culinary Schools,58daa1558bbb0b01f18ec200
Driving Schools,52e81612bcbc57f1066b7a42
Flight Schools,52e81612bcbc57f1066b7a49
Language Schools,52e81612bcbc57f1066b7a48
Music Schools,4f04b10d2fb6e1c99f3db0be
Nursery Schools,4f4533814b9074f6e4fb0107
Preschools,52e81612bcbc57f1066b7a45
Primary and Secondary Schools,63be6904847c3692a84b9ba1
Elementary Schools,4f4533804b9074f6e4fb0105
High Schools,4bf58dd8d48988d13d941735
Middle Schools,4f4533814b9074f6e4fb0106
Private Schools,52e81612bcbc57f1066b7a46
Religious Schools,52e81612bcbc57f1066b7a47
Trade Schools,4bf58dd8d48988d1ad941735
Government Buildings,4bf58dd8d48988d126941735
Capitol Buildings,4bf58dd8d48988d12a941735
City Halls,4bf58dd8d48988d129941735
Courthouses,4bf58dd8d48988d12b941735
Embassies or Consulates,4bf58dd8d48988d12c951735
Government Departments,63be6904847c3692a84b9ba2
Law Enforcement and Public Safety,63be6904847c3692a84b9ba3
Fire Stations,4bf58dd8d48988d12c941735
Police Stations,4bf58dd8d48988d12e941735
Probation Offices,63be6904847c3692a84b9ba4
Rescue Services,63be6904847c3692a84b9ba5
Military,63be6904847c3692a84b9ba6
Military Bases,4e52adeebd41615f56317744
Post Offices,4bf58dd8d48988d172941735
Government Lobbyist,63be6904847c3692a84b9ba7
Homeless Shelters,63be6904847c3692a84b9ba8
Housing Authorities,63be6904847c3692a84b9ba9
Housing Developments,4f2a210c4b9023bd5841ed28
Libraries,4bf58dd8d48988d12f941735
Observatories,5744ccdfe4b0c0459246b4d9
Organizations,63be6904847c3692a84b9baa
Charities,63be6904847c3692a84b9bab
Club Houses,52e81612bcbc57f1066b7a35
Environmental Organizations,63be6904847c3692a84b9bac
Labor Unions,63be6904847c3692a84b9bad
LGBTQ Organizations,63be6904847c3692a84b9bae
Non-Profit Organizations,50328a8e91d4c4b30a586d6c
Social Services Organizations,63be6904847c3692a84b9baf
Veterans' Organizations,5f2c5de85b4c177b9a6de29c
Youth Organizations,63be6904847c3692a84b9bb0
Polling Places,4cae28ecbf23941eb1190695
Prisons,5310b8e5bcbc57f1066bcbf1
Public and Social Services,63be6904847c3692a84b9bb1
Public Bathrooms,5744ccdfe4b0c0459246b4c4
Rehabilitation Centers,56aa371be4b08b9a8d57351d
Residential Buildings,4e67e38e036454776db1fb3a
Apartments or Condos,4d954b06a243a5684965b473
Homes (private),4bf58dd8d48988d103941735
Retirement Homes,63be6904847c3692a84b9bb2
Senior Citizen Services,63be6904847c3692a84b9bb3
Social Clubs,52e81612bcbc57f1066b7a33
Spiritual Centers,4bf58dd8d48988d131941735
Buddhist Temples,52e81612bcbc57f1066b7a3e
Cemevis,58daa1558bbb0b01f18ec1eb
Churches,4bf58dd8d48988d132941735
Confucian Temples,56aa371be4b08b9a8d5734fc
Hindu Temples,52e81612bcbc57f1066b7a3f
Kingdom Halls,5744ccdfe4b0c0459246b4ac
Monasteries,52e81612bcbc57f1066b7a40
Mosques,4bf58dd8d48988d138941735
Prayer Rooms,52e81612bcbc57f1066b7a41
Shrines,4eb1d80a4b900d56c88a45ff
Sikh Temples,5bae9231bedf3950379f89c9
Synagogues,4bf58dd8d48988d139941735
Temples,4bf58dd8d48988d13a941735
Terreiros,56aa371be4b08b9a8d5734f6
Summer Camps,52e81612bcbc57f1066b7a10
Town Halls,52e81612bcbc57f1066b7a38
Trailer Parks,52f2ab2ebcbc57f1066b8b55
Utility Companies,63be6904847c3692a84b9bb4
Dining and Drinking,63be6904847c3692a84b9bb5
Bagel Shops,4bf58dd8d48988d179941735
Bakeries,4bf58dd8d48988d16a941735
Bars,4bf58dd8d48988d116941735
Apres Ski Bars,4bf58dd8d48988d1ea941735
Beach Bars,52e81612bcbc57f1066b7a0d
Beer Bars,56aa371ce4b08b9a8d57356c
Beer Gardens,4bf58dd8d48988d117941735
Champagne Bars,52e81612bcbc57f1066b7a0e
Cocktail Bars,4bf58dd8d48988d11e941735
Dive Bars,4bf58dd8d48988d118941735
Gay Bars,4bf58dd8d48988d1d8941735
Hookah Bars,4bf58dd8d48988d119941735
Hotel Bars,4bf58dd8d48988d1d5941735
Ice Bars,5f2c40f15b4c177b9a6dc684
Irish Pubs,52e81612bcbc57f1066b7a06
Karaoke Bars,4bf58dd8d48988d120941735
Lounges,4bf58dd8d48988d121941735
Piano Bars,4bf58dd8d48988d1e8931735
Pubs,4bf58dd8d48988d11b941735
Rooftop Bars,5f2c224bb6d05514c70440a3
Sake Bars,4bf58dd8d48988d11c941735
Speakeasies,4bf58dd8d48988d1d4941735
Sports Bars,4bf58dd8d48988d11d941735
Tiki Bars,56aa371be4b08b9a8d57354d
Whisky Bars,4bf58dd8d48988d122941735
Wine Bars,4bf58dd8d48988d123941735
Breakfast Spots,4bf58dd8d48988d143941735
Breweries,50327c8591d4c4b30a586d5d
"Cafes, Coffee, and Tea Houses",63be6904847c3692a84b9bb6
Bubble Tea Shops,52e81612bcbc57f1066b7a0c
Cafés,4bf58dd8d48988d16d941735
Coffee Shops,4bf58dd8d48988d1e0931735
Pet Cafés,56aa371be4b08b9a8d573508
Tea Rooms,4bf58dd8d48988d1dc931735
Cafeterias,4bf58dd8d48988d128941735
Cideries,5e189fd6eee47d000759bbfd
Creperies,52e81612bcbc57f1066b79f2
Dessert Shops,4bf58dd8d48988d1d0941735
Cupcake Shops,4bf58dd8d48988d1bc941735
Frozen Yogurt Shops,512e7cae91d4cbb4e5efe0af
Gelato Shops,5f2c407c5b4c177b9a6dc536
Ice Cream Parlors,4bf58dd8d48988d1c9941735
Pastry Shops,5744ccdfe4b0c0459246b4e2
Pie Shops,52e81612bcbc57f1066b7a0a
Waffle Shops,62d5af45da6648532de303ee
Distilleries,4e0e22f5a56208c4ea9a85a0
Donut Shops,4bf58dd8d48988d148941735
Food Courts,4bf58dd8d48988d120951735
Food Stands,56aa371be4b08b9a8d57350b
Food Trucks,4bf58dd8d48988d1cb941735
Juice Bars,4bf58dd8d48988d112941735
Meaderies,5e189d71eee47d000759b7e2
Night Markets,53e510b7498ebcb1801b55d4
Restaurants,4d4b7105d754a06374d81259
Afghan Restaurants,503288ae91d4c4b30a586d67
African Restaurants,4bf58dd8d48988d1c8941735
Ethiopian Restaurants,4bf58dd8d48988d10a941735
Mauritian Restaurants,5f2c344a5b4c177b9a6dc011
American Restaurants,4bf58dd8d48988d14e941735
New American Restaurants,4bf58dd8d48988d157941735
Armenian Restaurants,5f2c2b7db6d05514c7044837
Asian Restaurants,4bf58dd8d48988d142941735
Burmese Restaurants,56aa371be4b08b9a8d573568
Cambodian Restaurants,52e81612bcbc57f1066b7a03
Chinese Restaurants,4bf58dd8d48988d145941735
Anhui Restaurants,52af3a5e3cf9994f4e043bea
Beijing Restaurants,52af3a723cf9994f4e043bec
Cantonese Restaurants,52af3a7c3cf9994f4e043bed
Cha Chaan Tengs,58daa1558bbb0b01f18ec1d3
Chinese Aristocrat Restaurants,52af3a673cf9994f4e043beb
Chinese Breakfast Restaurants,52af3a903cf9994f4e043bee
Dim Sum Restaurants,4bf58dd8d48988d1f5931735
Dongbei Restaurants,52af3a9f3cf9994f4e043bef
Fujian Restaurants,52af3aaa3cf9994f4e043bf0
Guizhou Restaurants,52af3ab53cf9994f4e043bf1
Hainan Restaurants,52af3abe3cf9994f4e043bf2
Hakka Restaurants,52af3ac83cf9994f4e043bf3
Henan Restaurants,52af3ad23cf9994f4e043bf4
Hong Kong Restaurants,52af3add3cf9994f4e043bf5
Huaiyang Restaurants,52af3af23cf9994f4e043bf7
Hubei Restaurants,52af3ae63cf9994f4e043bf6
Hunan Restaurants,52af3afc3cf9994f4e043bf8
Imperial Restaurants,52af3b053cf9994f4e043bf9
Jiangsu Restaurants,52af3b213cf9994f4e043bfa
Jiangxi Restaurants,52af3b293cf9994f4e043bfb
Macanese Restaurants,52af3b343cf9994f4e043bfc
Manchu Restaurants,52af3b3b3cf9994f4e043bfd
Peking Duck Restaurants,52af3b463cf9994f4e043bfe
Shaanxi Restaurants,52af3b633cf9994f4e043c01
Shandong Restaurants,52af3b513cf9994f4e043bff
Shanghai Restaurants,52af3b593cf9994f4e043c00
Shanxi Restaurants,52af3b6e3cf9994f4e043c02
Szechuan Restaurants,52af3b773cf9994f4e043c03
Taiwanese Restaurants,52af3b813cf9994f4e043c04
Tianjin Restaurants,52af3b893cf9994f4e043c05
Xinjiang Restaurants,52af3b913cf9994f4e043c06
Yunnan Restaurants,52af3b9a3cf9994f4e043c07
Zhejiang Restaurants,52af3ba23cf9994f4e043c08
Filipino Restaurants,4eb1bd1c3b7b55596b4a748f
Himalayan Restaurants,52e81612bcbc57f1066b79fb
Hotpot Restaurants,52af0bd33cf9994f4e043bdd
Indonesian Restaurants,4deefc054765f83613cdba6f
Acehnese Restaurants,52960eda3cf9994f4e043ac9
Balinese Restaurants,52960eda3cf9994f4e043acb
Betawinese Restaurants,52960eda3cf9994f4e043aca
Indonesian Meatball Restaurants,52960eda3cf9994f4e043acc
Javanese Restaurants,52960eda3cf9994f4e043ac7
Manadonese Restaurants,52960eda3cf9994f4e043ac8
Padangnese Restaurants,52960eda3cf9994f4e043ac5
Sundanese Restaurants,52960eda3cf9994f4e043ac6
Japanese Restaurants,4bf58dd8d48988d111941735
Donburi Restaurants,55a59bace4b013909087cb0c
Japanese Curry Restaurants,55a59bace4b013909087cb30
Japanese Family Restaurants,5f2c2436b6d05514c704433e
Kaiseki Restaurants,55a59bace4b013909087cb21
Kushikatsu Restaurants,55a59bace4b013909087cb06
Monjayaki Restaurants,55a59bace4b013909087cb1b
Nabe Restaurants,55a59bace4b013909087cb1e
Okonomiyaki Restaurants,55a59bace4b013909087cb18
Ramen Restaurants,55a59bace4b013909087cb24
Shabu-Shabu Restaurants,55a59bace4b013909087cb15
Soba Restaurants,55a59bace4b013909087cb27
Sukiyaki Restaurants,55a59bace4b013909087cb12
Sushi Restaurants,4bf58dd8d48988d1d2941735
Takoyaki Places,55a59bace4b013909087cb2d
Teishoku Restaurants,5f2c239eb6d05514c70441ee
Tempura Restaurants,55a59a31e4b013909087cb00
Tonkatsu Restaurants,55a59af1e4b013909087cb03
Udon Restaurants,55a59bace4b013909087cb2a
Unagi Restaurants,55a59bace4b013909087cb0f
Wagashi Places,55a59bace4b013909087cb33
Yakitori Restaurants,55a59bace4b013909087cb09
Yoshoku Restaurants,55a59bace4b013909087cb36
Korean Restaurants,4bf58dd8d48988d113941735
Bossam/Jokbal Restaurants,56aa371be4b08b9a8d5734e4
Bunsik Restaurants,56aa371be4b08b9a8d5734f0
Gukbap Restaurants,56aa371be4b08b9a8d5734e7
Janguh Restaurants,56aa371be4b08b9a8d5734ed
Korean BBQ Restaurants,5f2c3f6b5b4c177b9a6dc388
Samgyetang Restaurants,56aa371be4b08b9a8d5734ea
Malay Restaurants,4bf58dd8d48988d156941735
Mamak Restaurants,5ae9595eb77c77002c2f9f26
Mongolian Restaurants,4eb1d5724b900d56c88a45fe
Noodle Restaurants,4bf58dd8d48988d1d1941735
Satay Restaurants,56aa371be4b08b9a8d57350e
Singaporean Restaurants,5f2c430e5b4c177b9a6dcabd
Thai Restaurants,4bf58dd8d48988d149941735
Som Tum Restaurants,56aa371be4b08b9a8d573502
Tibetan Restaurants,52af39fb3cf9994f4e043be9
Vietnamese Restaurants,4bf58dd8d48988d14a941735
Australian Restaurants,4bf58dd8d48988d169941735
Austrian Restaurants,52e81612bcbc57f1066b7a01
Bangladeshi Restaurants,5e179ee74ae8e90006e9a746
BBQ Joints,4bf58dd8d48988d1df931735
Belgian Restaurants,52e81612bcbc57f1066b7a02
Bistros,52e81612bcbc57f1066b79f1
Buffets,52e81612bcbc57f1066b79f4
Burger Joints,4bf58dd8d48988d16c941735
Cajun and Creole Restaurants,4bf58dd8d48988d17a941735
Caribbean Restaurants,4bf58dd8d48988d144941735
Cuban Restaurants,4bf58dd8d48988d154941735
Puerto Rican Restaurants,5f2c2abab6d05514c70446e4
Caucasian Restaurants,5293a7d53cf9994f4e043a45
Comfort Food Restaurants,52e81612bcbc57f1066b7a00
Czech Restaurants,52f2ae52bcbc57f1066b8b81
Delis,4bf58dd8d48988d146941735
Diners,4bf58dd8d48988d147941735
Dumpling Restaurants,4bf58dd8d48988d108941735
Dutch Restaurants,5744ccdfe4b0c0459246b4d0
Eastern European Restaurants,4bf58dd8d48988d109941735
Belarusian Restaurants,52e928d0bcbc57f1066b7e97
Bosnian Restaurants,58daa1558bbb0b01f18ec1ee
Bulgarian Restaurants,56aa371be4b08b9a8d5734f3
Romanian Restaurants,52960bac3cf9994f4e043ac4
Tatar Restaurants,52e928d0bcbc57f1066b7e98
English Restaurants,52e81612bcbc57f1066b7a05
Falafel Restaurants,4bf58dd8d48988d10b941735
Fast Food Restaurants,4bf58dd8d48988d16e941735
Fish and Chips Shops,4edd64a0c7ddd24ca188df1a
Fondue Restaurants,52e81612bcbc57f1066b7a09
French Restaurants,4bf58dd8d48988d10c941735
Alsatian Restaurants,57558b36e4b065ecebd306b6
Auvergne Restaurants,57558b36e4b065ecebd306b8
Basque Restaurants,57558b36e4b065ecebd306bc
Brasseries,57558b36e4b065ecebd306b0
Breton Restaurants,57558b36e4b065ecebd306c5
Burgundian Restaurants,57558b36e4b065ecebd306c0
Catalan Restaurants,57558b36e4b065ecebd306cb
Ch'ti Restaurants,57558b36e4b065ecebd306ce
Corsican Restaurants,57558b36e4b065ecebd306d1
Estaminets,57558b36e4b065ecebd306b4
Labour Canteens,57558b36e4b065ecebd306b2
Lyonese Bouchons,57558b35e4b065ecebd306ad
Norman Restaurants,57558b36e4b065ecebd306d4
Provençal Restaurants,57558b36e4b065ecebd306d7
Savoyard Restaurants,57558b36e4b065ecebd306da
Southwestern French Restaurants,57558b36e4b065ecebd306ba
Fried Chicken Joints,4d4ae6fc7a7b7dea34424761
Friteries,55d25775498e9f6a0816a37a
Gastropubs,4bf58dd8d48988d155941735
German Restaurants,4bf58dd8d48988d10d941735
Apple Wine Pubs,56aa371ce4b08b9a8d573583
Bavarian Restaurants,56aa371ce4b08b9a8d573572
Bratwurst Joints,56aa371ce4b08b9a8d57358e
Currywurst Joints,56aa371ce4b08b9a8d57358b
Franconian Restaurants,56aa371ce4b08b9a8d573574
German Pop-Up Restaurants,56aa371ce4b08b9a8d573592
Palatine Restaurants,56aa371ce4b08b9a8d573578
Rhenisch Restaurants,56aa371ce4b08b9a8d57357b
Schnitzel Restaurants,56aa371ce4b08b9a8d573587
Silesian Restaurants,56aa371ce4b08b9a8d57357f
Swabian Restaurants,56aa371ce4b08b9a8d573576
Gluten-Free Restaurants,4c2cd86ed066bed06c3c5209
Greek Restaurants,4bf58dd8d48988d10e941735
Bougatsa Shops,53d6c1b0e4b02351e88a83e8
Cretan Restaurants,53d6c1b0e4b02351e88a83e2
Fish Tavernas,53d6c1b0e4b02351e88a83d8
Grilled Meat Restaurants,53d6c1b0e4b02351e88a83d6
Kafenios,53d6c1b0e4b02351e88a83e6
Magirios,53d6c1b0e4b02351e88a83e4
Meze Restaurants,53d6c1b0e4b02351e88a83da
Modern Greek Restaurants,53d6c1b0e4b02351e88a83d4
Ouzeries,53d6c1b0e4b02351e88a83dc
Patsa Restaurants,53d6c1b0e4b02351e88a83e0
Souvlaki Shops,52e81612bcbc57f1066b79f3
Tavernas,53d6c1b0e4b02351e88a83d2
Tsipouro Restaurants,53d6c1b0e4b02351e88a83de
Halal Restaurants,52e81612bcbc57f1066b79ff
Hawaiian Restaurants,52e81612bcbc57f1066b79fe
Poke Restaurants,5bae9231bedf3950379f89d4
Hot Dog Joints,4bf58dd8d48988d16f941735
Hungarian Restaurants,52e81612bcbc57f1066b79fa
Indian Chinese Restaurants,54135bf5e4b08f3d2429dfdf
Indian Restaurants,4bf58dd8d48988d10f941735
Andhra Restaurants,54135bf5e4b08f3d2429dfe5
Awadhi Restaurants,54135bf5e4b08f3d2429dff3
Bengali Restaurants,54135bf5e4b08f3d2429dff5
Chaat Places,54135bf5e4b08f3d2429dfe2
Chettinad Restaurants,54135bf5e4b08f3d2429dff2
Dhabas,54135bf5e4b08f3d2429dfe1
Dosa Places,54135bf5e4b08f3d2429dfe3
Goan Restaurants,54135bf5e4b08f3d2429dfe8
Gujarati Restaurants,54135bf5e4b08f3d2429dfe9
Hyderabadi Restaurants,54135bf5e4b08f3d2429dfe6
Indian Sweet Shops,54135bf5e4b08f3d2429dfe4
Irani Cafes,54135bf5e4b08f3d2429dfe7
Jain Restaurants,54135bf5e4b08f3d2429dfea
Karnataka Restaurants,54135bf5e4b08f3d2429dfeb
Kerala Restaurants,54135bf5e4b08f3d2429dfed
Maharashtrian Restaurants,54135bf5e4b08f3d2429dfee
Mughlai Restaurants,54135bf5e4b08f3d2429dff4
Multicuisine Indian Restaurants,54135bf5e4b08f3d2429dfe0
North Indian Restaurants,54135bf5e4b08f3d2429dfdd
Northeast Indian Restaurants,54135bf5e4b08f3d2429dff6
Parsi Restaurants,54135bf5e4b08f3d2429dfef
Punjabi Restaurants,54135bf5e4b08f3d2429dff0
Rajasthani Restaurants,54135bf5e4b08f3d2429dff1
South Indian Restaurants,54135bf5e4b08f3d2429dfde
Udupi Restaurants,54135bf5e4b08f3d2429dfec
Italian Restaurants,4bf58dd8d48988d110941735
Abruzzo Restaurants,55a5a1ebe4b013909087cbb6
Agriturismos,55a5a1ebe4b013909087cb7c
Aosta Restaurants,55a5a1ebe4b013909087cba7
Basilicata Restaurants,55a5a1ebe4b013909087cba1
Calabria Restaurants,55a5a1ebe4b013909087cba4
Campanian Restaurants,55a5a1ebe4b013909087cb95
Emilia Restaurants,55a5a1ebe4b013909087cb89
Friuli Restaurants,55a5a1ebe4b013909087cb9b
Ligurian Restaurants,55a5a1ebe4b013909087cb98
Lombard Restaurants,55a5a1ebe4b013909087cbbf
Malgas,55a5a1ebe4b013909087cb79
Marche Restaurants,55a5a1ebe4b013909087cbb0
Molise Restaurants,55a5a1ebe4b013909087cbb3
Piadinerias,55a5a1ebe4b013909087cb74
Piedmontese Restaurants,55a5a1ebe4b013909087cbaa
Puglia Restaurants,55a5a1ebe4b013909087cb83
Romagna Restaurants,55a5a1ebe4b013909087cb8c
Roman Restaurants,55a5a1ebe4b013909087cb92
Sardinian Restaurants,55a5a1ebe4b013909087cb8f
Sicilian Restaurants,55a5a1ebe4b013909087cb86
South Tyrolean Restaurants,55a5a1ebe4b013909087cbb9
Trattorias,55a5a1ebe4b013909087cb7f
Trentino Restaurants,55a5a1ebe4b013909087cbbc
Tuscan Restaurants,55a5a1ebe4b013909087cb9e
Umbrian Restaurants,55a5a1ebe4b013909087cbc2
Veneto Restaurants,55a5a1ebe4b013909087cbad
Jewish Restaurants,52e81612bcbc57f1066b79fd
Kosher Restaurants,52e81612bcbc57f1066b79fc
Kebab Restaurants,5283c7b4e4b094cb91ec88d7
Latin American Restaurants,4bf58dd8d48988d1be941735
Arepa Restaurants,4bf58dd8d48988d152941735
Empanada Restaurants,52939a8c3cf9994f4e043a35
Honduran Restaurants,5f2c32587ff30c0d7ac09638
Salvadoran Restaurants,5745c7ac498e5d0483112fdb
South American Restaurants,4bf58dd8d48988d1cd941735
Argentinian Restaurants,4bf58dd8d48988d107941735
Brazilian Restaurants,4bf58dd8d48988d16b941735
Acai Houses,5294c7523cf9994f4e043a62
Baiano Restaurants,52939ae13cf9994f4e043a3b
Central Brazilian Restaurants,52939a9e3cf9994f4e043a36
Churrascarias,52939a643cf9994f4e043a33
Empada Houses,5294c55c3cf9994f4e043a61
Goiano Restaurants,52939af83cf9994f4e043a3d
Mineiro Restaurants,52939aed3cf9994f4e043a3c
Northeastern Brazilian Restaurants,52939aae3cf9994f4e043a37
Northern Brazilian Restaurants,52939ab93cf9994f4e043a38
Pastelarias,5294cbda3cf9994f4e043a63
Southeastern Brazilian Restaurants,52939ac53cf9994f4e043a39
Southern Brazilian Restaurants,52939ad03cf9994f4e043a3a
Tapiocarias,52939a7d3cf9994f4e043a34
Colombian Restaurants,58daa1558bbb0b01f18ec1f4
Peruvian Restaurants,4eb1bfa43b7b52c0e1adc2e8
Peruvian Roast Chicken Joints,5f2c1c31b6d05514c704334c
Venezuelan Restaurants,56aa371be4b08b9a8d573558
Mac and Cheese Joints,4bf58dd8d48988d1bf941735
Mediterranean Restaurants,4bf58dd8d48988d1c0941735
Mexican Restaurants,4bf58dd8d48988d1c1941735
Botaneros,58daa1558bbb0b01f18ec1d9
Burrito Restaurants,4bf58dd8d48988d153941735
Taco Restaurants,4bf58dd8d48988d151941735
Tex-Mex Restaurants,56aa371ae4b08b9a8d5734ba
Yucatecan Restaurants,5744ccdfe4b0c0459246b4d3
Middle Eastern Restaurants,4bf58dd8d48988d115941735
Egyptian Restaurants,5bae9231bedf3950379f89e1
Iraqi Restaurants,5bae9231bedf3950379f89e7
Israeli Restaurants,56aa371be4b08b9a8d573529
Kurdish Restaurants,5744ccdfe4b0c0459246b4ca
Lebanese Restaurants,58daa1558bbb0b01f18ec1cd
Persian Restaurants,52e81612bcbc57f1066b79f7
Ash and Haleem Places,58daa1558bbb0b01f18ec1bc
Dizi Places,58daa1558bbb0b01f18ec1c0
Gilaki Restaurants,58daa1558bbb0b01f18ec1c4
Jegarakis,58daa1558bbb0b01f18ec1c7
Tabbakhis,5744ccdfe4b0c0459246b4a8
Shawarma Restaurants,5bae9231bedf3950379f89e4
Syrian Restaurants,5bae9231bedf3950379f89da
Yemeni Restaurants,5bae9231bedf3950379f89ea
Modern European Restaurants,52e81612bcbc57f1066b79f9
Molecular Gastronomy Restaurants,4bf58dd8d48988d1c2941735
Moroccan Restaurants,4bf58dd8d48988d1c3941735
Pakistani Restaurants,52e81612bcbc57f1066b79f8
Pizzerias,4bf58dd8d48988d1ca941735
Polish Restaurants,52e81612bcbc57f1066b7a04
Portuguese Restaurants,4def73e84765ae376e57713a
Poutine Restaurants,56aa371be4b08b9a8d5734c7
Russian Restaurants,5293a7563cf9994f4e043a44
Blini Houses,52e928d0bcbc57f1066b7e9d
Pelmeni Houses,52e928d0bcbc57f1066b7e9c
Salad Restaurants,4bf58dd8d48988d1bd941735
Sandwich Spots,4bf58dd8d48988d1c5941735
Scandinavian Restaurants,4bf58dd8d48988d1c6941735
Scottish Restaurants,5744ccdde4b0c0459246b4a3
Seafood Restaurants,4bf58dd8d48988d1ce941735
Slovak Restaurants,56aa371be4b08b9a8d57355a
Soup Spots,4bf58dd8d48988d1dd931735
Southern Food Restaurants,4bf58dd8d48988d14f941735
Spanish Restaurants,4bf58dd8d48988d150941735
Paella Restaurants,4bf58dd8d48988d14d941735
Tapas Restaurants,4bf58dd8d48988d1db931735
Sri Lankan Restaurants,5413605de4b0ae91d18581a9
Steakhouses,4bf58dd8d48988d1cc941735
Swiss Restaurants,4bf58dd8d48988d158941735
Theme Restaurants,56aa371be4b08b9a8d573538
Turkish Restaurants,4f04af1f2fb6e1c99f3db0bb
Borek Places,530faca9bcbc57f1066bc2f3
Cigkofte Places,530faca9bcbc57f1066bc2f4
Çöp Şiş Places,58daa1558bbb0b01f18ec1e2
Doner Restaurants,5283c7b4e4b094cb91ec88d8
Gozleme Places,5283c7b4e4b094cb91ec88d9
Kofte Places,5283c7b4e4b094cb91ec88db
Kokoreç Restaurants,5283c7b4e4b094cb91ec88d6
Kumpir Restaurants,56aa371be4b08b9a8d573535
Kumru Restaurants,56aa371be4b08b9a8d5734bd
Manti Places,5283c7b4e4b094cb91ec88d5
Meyhanes,5283c7b4e4b094cb91ec88da
Pide Places,530faca9bcbc57f1066bc2f2
Pilavcıs,58daa1558bbb0b01f18ec1df
Söğüş Places,58daa1558bbb0b01f18ec1dc
Tantuni Restaurants,56aa371be4b08b9a8d5734bf
Turkish Coffeehouses,56aa371be4b08b9a8d5734c1
Turkish Home Cooking Restaurants,5283c7b4e4b094cb91ec88d4
Ukrainian Restaurants,52e928d0bcbc57f1066b7e96
Varenyky Restaurants,52e928d0bcbc57f1066b7e9a
West-Ukrainian Restaurants,52e928d0bcbc57f1066b7e9b
Vegan and Vegetarian Restaurants,4bf58dd8d48988d1d3941735
Wings Joints,4bf58dd8d48988d14c941735
Smoothie Shops,52f2ab2ebcbc57f1066b8b41
Snack Places,4bf58dd8d48988d1c7941735
Vineyards,4bf58dd8d48988d1de941735
Wineries,4bf58dd8d48988d14b941735
Events,4d4b7105d754a06373d81259
Conferences,5267e4d9e4b0ec79466e48c6
Conventions,5267e4d9e4b0ec79466e48c9
Entertainment Events,63be6904847c3692a84b9bb7
Festivals,5267e4d9e4b0ec79466e48c7
Beer Festivals,62d587aeda6648532de2b88c
Music Festivals,5267e4d9e4b0ec79466e48d1
Parades,52741d85e4b0d5d1e3c6a6d9
Sporting Events,5bae9231bedf3950379f89c5
Lines,58daa1558bbb0b01f18ec1fa
Marketplaces,63be6904847c3692a84b9bb8
Christmas Markets,52f2ab2ebcbc57f1066b8b3b
Stoop Sales,52f2ab2ebcbc57f1066b8b54
Street Fairs,5267e4d8e4b0ec79466e48c5
Street Food Gatherings,53e0feef498e5aac066fd8a9
Trade Fairs,5bae9231bedf3950379f89c3
Other Events,5267e4d9e4b0ec79466e48c8
Health and Medicine,63be6904847c3692a84b9bb9
Acupuncture Clinics,52e81612bcbc57f1066b7a3b
AIDS Resources,63be6904847c3692a84b9bba
Alternative Medicine Clinics,52e81612bcbc57f1066b7a3c
Assisted Living Services,63be6904847c3692a84b9bbb
Blood Banks,5f2c43a65b4c177b9a6dcc62
Chiropractors,52e81612bcbc57f1066b7a3a
Dentists,4bf58dd8d48988d178941735
Emergency Services,63be6904847c3692a84b9bbc
Ambulance Services,63be6904847c3692a84b9bbd
Emergency Rooms,4bf58dd8d48988d194941735
Healthcare Clinics,63be6904847c3692a84b9bbe
Home Health Care Services,63be6904847c3692a84b9bbf
Hospices,5f2c5b8b5b4c177b9a6ddf0b
Hospitals,4bf58dd8d48988d196941735
Children's Hospitals,63be6904847c3692a84b9bc0
Hospital Units,58daa1558bbb0b01f18ec1f7
Maternity Clinics,56aa371be4b08b9a8d5734ff
Medical Centers,4bf58dd8d48988d104941735
Medical Labs,4f4531b14b9074f6e4fb0103
Mental Health Services,63be6904847c3692a84b9bc1
Mental Health Clinics,52e81612bcbc57f1066b7a39
Psychologists,63be6904847c3692a84b9bc2
Nurses,63be6904847c3692a84b9bc3
Nursing Homes,63be6904847c3692a84b9bc4
Nutritionists,58daa1558bbb0b01f18ec1d0
Optometrists,522e32fae4b09b556e370f19
Other Healthcare Professionals,63be6904847c3692a84b9bc5
Physical Therapy Clinics,5744ccdfe4b0c0459246b4af
Physicians,63be6904847c3692a84b9bc6
Anesthesiologists,63be6904847c3692a84b9bc7
Cardiologists,63be6904847c3692a84b9bc8
Dermatologists,63be6904847c3692a84b9bc9
Doctor's Offices,4bf58dd8d48988d177941735
"Ear, Nose and Throat Doctors",63be6904847c3692a84b9bca
Family Medicine Doctors,63be6904847c3692a84b9bcb
Gastroenterologists,63be6904847c3692a84b9bcc
General Surgeons,63be6904847c3692a84b9bcd
Geriatric Doctors,63be6904847c3692a84b9bce
Internal Medicine Doctors,63be6904847c3692a84b9bcf
Neurologists,63be6904847c3692a84b9bd0
Obstetrician Gynecologists (Ob-gyn),63be6904847c3692a84b9bd1
Oncologists,63be6904847c3692a84b9bd2
Ophthalmologists,63be6904847c3692a84b9bd3
Oral Surgeons,63be6904847c3692a84b9bd4
Orthopedic Surgeons,63be6904847c3692a84b9bd5
Pathologists,63be6904847c3692a84b9bd6
Pediatricians,63be6904847c3692a84b9bd7
Plastic Surgeons,63be6904847c3692a84b9bd8
Psychiatrists,63be6904847c3692a84b9bd9
Radiologists,63be6904847c3692a84b9bda
Respiratory Doctors,63be6904847c3692a84b9bdb
Urologists,63be6904847c3692a84b9bdc
Podiatrists,63be6904847c3692a84b9bdd
Sports Medicine Clinics,63be6904847c3692a84b9bde
Urgent Care Centers,56aa371be4b08b9a8d573526
Veterinarians,4d954af4a243a5684765b473
Weight Loss Centers,590a0744340a5803fd8508c3
Women's Health Clinics,63be6904847c3692a84b9bdf
Landmarks and Outdoors,4d4b7105d754a06377d81259
Bathing Areas,52e81612bcbc57f1066b7a28
Bays,56aa371be4b08b9a8d573544
Beaches,4bf58dd8d48988d1e2941735
Bike Trails,56aa371be4b08b9a8d57355e
Boat Launches,5fabfc8099ce226e27fe6b0d
Botanical Gardens,52e81612bcbc57f1066b7a22
Bridges,4bf58dd8d48988d1df941735
Campgrounds,4bf58dd8d48988d1e4941735
Canal Locks,56aa371be4b08b9a8d57353b
Canals,56aa371be4b08b9a8d573562
Castles,50aaa49e4b90af0d42d5de11
Caves,56aa371be4b08b9a8d573511
Dams,5fac018b99ce226e27fe7573
Dive Spots,52e81612bcbc57f1066b7a12
Farms,4bf58dd8d48988d15b941735
Fields,4bf58dd8d48988d15f941735
Forests,52e81612bcbc57f1066b7a23
Fountains,56aa371be4b08b9a8d573547
Gardens,4bf58dd8d48988d15a941735
Harbors or Marinas,4bf58dd8d48988d1e0941735
Hiking Trails,4bf58dd8d48988d159941735
Hills,5bae9231bedf3950379f89cd
Historic and Protected Sites,4deefb944765f83613cdba6e
Hot Springs,4bf58dd8d48988d160941735
Islands,50aaa4314b90af0d42d5de10
Lakes,4bf58dd8d48988d161941735
Lighthouses,4bf58dd8d48988d15d941735
Memorial Sites,5642206c498e4bfca532186c
Monuments,4bf58dd8d48988d12d941735
Mountain Huts,55a5a1ebe4b013909087cb77
Mountains,4eb1d4d54b900d56c88a45fc
Nature Preserves,52e81612bcbc57f1066b7a13
Nudist Beaches,52e81612bcbc57f1066b7a30
Other Great Outdoors,4bf58dd8d48988d162941735
Palaces,52e81612bcbc57f1066b7a14
Parks,4bf58dd8d48988d163941735
Dog Parks,4bf58dd8d48988d1e5941735
National Parks,52e81612bcbc57f1066b7a21
Natural Parks,63be6904847c3692a84b9be0
Picnic Areas,5fabfe3599ce226e27fe709a
Playgrounds,4bf58dd8d48988d1e7941735
State or Provincial Parks,5bae9231bedf3950379f89d0
Urban Parks,63be6904847c3692a84b9be1
Pedestrian Plazas,52e81612bcbc57f1066b7a25
Picnic Shelters,5fac010d99ce226e27fe7467
Plazas,4bf58dd8d48988d164941735
Reservoirs,56aa371be4b08b9a8d573541
Rivers,4eb1d4dd4b900d56c88a45fd
Rock Climbing Spots,50328a4b91d4c4b30a586d6b
Roof Decks,4bf58dd8d48988d133951735
Scenic Lookouts,4bf58dd8d48988d165941735
Sculpture Gardens,4bf58dd8d48988d166941735
Stables,4eb1baf03b7b2c5b1d4306ca
States and Municipalities,530e33ccbcbc57f1066bbfe4
Cities,50aa9e094b90af0d42d5de0d
Counties,5345731ebcbc57f1066c39b2
Countries,530e33ccbcbc57f1066bbff7
Neighborhoods,4f2a25ac4b909258e854f55f
States,530e33ccbcbc57f1066bbff8
Towns,530e33ccbcbc57f1066bbff3
Villages,530e33ccbcbc57f1066bbff9
Structures,4bf58dd8d48988d130941735
Surf Spots,4bf58dd8d48988d1e3941735
Trees,52e81612bcbc57f1066b7a24
Tunnels,52f2ab2ebcbc57f1066b8b4a
Volcanoes,5032848691d4c4b30a586d61
Waterfalls,56aa371be4b08b9a8d573560
Waterfronts,56aa371be4b08b9a8d5734c3
Wells,4fbc1be21983fc883593e321
Windmills,5bae9231bedf3950379f89c7
Retail,4d4b7105d754a06378d81259
Adult Stores,5267e446e4b0ec79466e48c4
Antique Stores,4bf58dd8d48988d116951735
Arts and Crafts Stores,4bf58dd8d48988d127951735
Auction Houses,63be6904847c3692a84b9be2
Automotive Retail,63be6904847c3692a84b9be3
Car Dealerships,4eb1c1623b7b52c0e1adc2ec
Classic and Antique Car Dealerships,63be6904847c3692a84b9be4
New Car Dealerships,5e8f50bd03c7a9000c1e2fbc
RV and Motorhome Dealerships,63be6904847c3692a84b9be5
Used Car Dealerships,5e8f501a03c7a9000c1e2e88
Car Parts and Accessories,63be6904847c3692a84b9be6
Moped Dealerships,63be6904847c3692a84b9be7
Motor Scooter Dealerships,63be6904847c3692a84b9be8
Motorcycle Dealerships,5032833091d4c4b30a586d60
Motorsports Stores,59d79d6b2e268052fa2a3332
Baby Stores,52f2ab2ebcbc57f1066b8b32
Betting Shops,52f2ab2ebcbc57f1066b8b40
Big Box Stores,52f2ab2ebcbc57f1066b8b42
Board Stores,4bf58dd8d48988d1f1941735
Bookstores,4bf58dd8d48988d114951735
Used Bookstores,52f2ab2ebcbc57f1066b8b30
Boutiques,4bf58dd8d48988d104951735
Cannabis Stores,63be6904847c3692a84b9be9
Comic Book Stores,52f2ab2ebcbc57f1066b8b18
Computers and Electronics Retail,63be6904847c3692a84b9bea
Camera Stores,4eb1bdf03b7b55596b4a7491
Electronics Stores,4bf58dd8d48988d122951735
Mobile Phone Stores,4f04afc02fb6e1c99f3db0bc
Video Game Stores,4bf58dd8d48988d10b951735
Construction Supplies Stores,5454144b498ec1f095bff2f2
Convenience Stores,4d954b0ea243a5684a65b473
Cosmetics Stores,4bf58dd8d48988d10c951735
Costume Stores,52f2ab2ebcbc57f1066b8b17
Dance Stores,63be6904847c3692a84b9beb
Department Stores,4bf58dd8d48988d1f6941735
Discount Stores,52dea92d3cf9994f4e043dbb
Drugstores,5745c2e4498e11e7bccabdbd
Duty-free Stores,589ddde98ae3635c072819ee
Eyecare Stores,4d954afda243a5684865b473
Fashion Retail,63be6904847c3692a84b9bec
Batik Stores,56aa371be4b08b9a8d5734cb
Bridal Stores,4bf58dd8d48988d11a951735
Children's Clothing Stores,4bf58dd8d48988d105951735
Clothing Stores,4bf58dd8d48988d103951735
Fashion Accessories Stores,4bf58dd8d48988d102951735
Jewelry Stores,4bf58dd8d48988d111951735
Lingerie Stores,4bf58dd8d48988d109951735
Men's Stores,4bf58dd8d48988d106951735
Shoe Stores,4bf58dd8d48988d107951735
Sunglasses Stores,63be6904847c3692a84b9bed
Swimwear Stores,63be6904847c3692a84b9bee
Watch Stores,52f2ab2ebcbc57f1066b8b2e
Women's Stores,4bf58dd8d48988d108951735
Fireworks Stores,52f2ab2ebcbc57f1066b8b3a
Flea Markets,4bf58dd8d48988d1f7941735
Floating Markets,56aa371be4b08b9a8d573505
Flower Stores,4bf58dd8d48988d11b951735
Food and Beverage Retail,4bf58dd8d48988d1f9941735
Beer Stores,5370f356bcbc57f1066c94c2
Butchers,4bf58dd8d48988d11d951735
Candy Stores,4bf58dd8d48988d117951735
Cheese Stores,4bf58dd8d48988d11e951735
Chocolate Stores,52f2ab2ebcbc57f1066b8b31
Coffee Roasters,5e18993feee47d000759b256
Dairy Stores,58daa1558bbb0b01f18ec1ca
Farmers Markets,4bf58dd8d48988d1fa941735
Fish Markets,4bf58dd8d48988d10e951735
Fruit and Vegetable Stores,52f2ab2ebcbc57f1066b8b1c
Gourmet Stores,4bf58dd8d48988d1f5941735
Grocery Stores,4bf58dd8d48988d118951735
Organic Groceries,52f2ab2ebcbc57f1066b8b45
Health Food Stores,50aa9e744b90af0d42d5de0e
Herbs and Spices Stores,52f2ab2ebcbc57f1066b8b2c
Imported Food Stores,5f2c41945b4c177b9a6dc7d6
Kosher Stores,63be6904847c3692a84b9bef
Kuruyemişçi Shops,58daa1558bbb0b01f18ec1e8
Liquor Stores,4bf58dd8d48988d186941735
Meat and Seafood Stores,63be6904847c3692a84b9bf0
Sausage Stores,56aa371be4b08b9a8d573564
Supermarkets,52f2ab2ebcbc57f1066b8b46
Turşucu Shops,58daa1558bbb0b01f18ec1e5
Wine Stores,4bf58dd8d48988d119951735
Framing Stores,52f2ab2ebcbc57f1066b8b24
Furniture and Home Stores,4bf58dd8d48988d1f8941735
Carpet Stores,52f2ab2ebcbc57f1066b8b2a
Home Appliance Stores,63be6904847c3692a84b9bf1
Housewares Stores,63be6904847c3692a84b9bf2
Kitchen Supply Stores,58daa1558bbb0b01f18ec1b4
Lighting Stores,55888a5a498e782e3303b43a
Mattress Stores,52f2ab2ebcbc57f1066b8b27
Garden Centers,4eb1c0253b7b52c0e1adc2e9
Gift Stores,4bf58dd8d48988d128951735
Hardware Stores,4bf58dd8d48988d112951735
Hobby Stores,4bf58dd8d48988d1fb941735
Knitting Stores,52f2ab2ebcbc57f1066b8b25
Leather Goods Stores,52f2ab2ebcbc57f1066b8b2b
Luggage Stores,52f2ab2ebcbc57f1066b8b29
Marijuana Dispensaries,52c71aaf3cf9994f4e043d17
Markets,50be8ee891d4fa8dcc7199a7
Medical Supply Stores,58daa1558bbb0b01f18ec206
Miscellaneous Stores,4bf58dd8d48988d1ff941735
Mobility Stores,56aa371be4b08b9a8d57354a
Music Stores,4bf58dd8d48988d1fe941735
Newsagents,5f2c5a295b4c177b9a6ddd0e
Newsstands,4f04ad622fb6e1c99f3db0b9
Office Supply Stores,4bf58dd8d48988d121951735
Outdoor Supply Stores,52f2ab2ebcbc57f1066b8b22
Outlet Malls,5744ccdfe4b0c0459246b4df
Outlet Stores,52f2ab2ebcbc57f1066b8b35
Packaging Supply Stores,63be6904847c3692a84b9bf3
Party Supply Stores,63be6904847c3692a84b9bf4
Pawn Shops,52f2ab2ebcbc57f1066b8b34
Perfume Stores,52f2ab2ebcbc57f1066b8b23
Pet Supplies Stores,4bf58dd8d48988d100951735
Pharmacies,4bf58dd8d48988d10f951735
Pop-Up Stores,52f2ab2ebcbc57f1066b8b3d
Print Stores,52f2ab2ebcbc57f1066b8b28
Record Stores,4bf58dd8d48988d10d951735
Shopping Malls,4bf58dd8d48988d1fd941735
Shopping Plazas,5744ccdfe4b0c0459246b4dc
Smoke Shops,4bf58dd8d48988d123951735
Souvenir Stores,52f2ab2ebcbc57f1066b8b1b
Sporting Goods Retail,4bf58dd8d48988d1f2941735
Baseball Stores,63be6904847c3692a84b9bf5
Bicycle Stores,4bf58dd8d48988d115951735
Dive Stores,52f2ab2ebcbc57f1066b8b1a
Fishing Stores,52f2ab2ebcbc57f1066b8b16
Golf Stores,63be6904847c3692a84b9bf6
Gun Stores,52f2ab2ebcbc57f1066b8b19
Hunting Supply Stores,50aaa5234b90af0d42d5de12
Running Stores,63be6904847c3692a84b9bf7
Skate Stores,5bae9231bedf3950379f89d2
Ski Stores,56aa371be4b08b9a8d573566
Soccer Stores,63be6904847c3692a84b9bf8
Surf Stores,63be6904847c3692a84b9bf9
Tennis Stores,63be6904847c3692a84b9bfa
Stationery Stores,52f2ab2ebcbc57f1066b8b21
Supplement Stores,5744ccdfe4b0c0459246b4cd
Swimming Pool Supply Stores,63be6904847c3692a84b9bfb
Textiles Stores,52f2ab2ebcbc57f1066b8b26
Tobacco Stores,63be6904847c3692a84b9bfc
Toy Stores,4bf58dd8d48988d1f3941735
Vape Stores,56aa371be4b08b9a8d57355c
Video Stores,4bf58dd8d48988d126951735
Vintage and Thrift Stores,4bf58dd8d48988d101951735
Warehouse or Wholesale Stores,52e816a6bcbc57f1066b7a54
Sports and Recreation,4f4528bc4b90abdf24c9de85
Athletic Fields,63be6904847c3692a84b9bfd
Baseball,63be6904847c3692a84b9bfe
Baseball Clubs,63be6904847c3692a84b9bff
Baseball Fields,4bf58dd8d48988d1e8941735
Batting Cages,63be6904847c3692a84b9c00
Basketball,63be6904847c3692a84b9c01
Basketball Clubs,63be6904847c3692a84b9c02
Basketball Courts,4bf58dd8d48988d1e1941735
Bowling Greens,52e81612bcbc57f1066b7a2f
Cricket Grounds,4bf58dd8d48988d18a941735
Curling Ices,56aa371be4b08b9a8d57351a
Equestrian Facilities,63be6904847c3692a84b9c04
Fishing Areas,52e81612bcbc57f1066b7a0f
Football,63be6904847c3692a84b9c05
Football Clubs,63be6904847c3692a84b9c06
Football Fields,63be6904847c3692a84b9c07
Golf,63be6904847c3692a84b9c08
Golf Clubs,63be6904847c3692a84b9c09
Golf Courses,4bf58dd8d48988d1e6941735
Golf Driving Ranges,58daa1558bbb0b01f18ec1b0
Gun Ranges,52e81612bcbc57f1066b7a11
Gym and Studios,4bf58dd8d48988d175941735
Boxing Gyms,52f2ab2ebcbc57f1066b8b47
Climbing Gyms,503289d391d4c4b30a586d6a
Cycle Studios,52f2ab2ebcbc57f1066b8b49
Dance Studios,4bf58dd8d48988d134941735
Gym Pools,4bf58dd8d48988d105941735
Gyms,4bf58dd8d48988d176941735
Outdoor Gyms,58daa1558bbb0b01f18ec203
Pilates Studios,5744ccdfe4b0c0459246b4b2
Yoga Studios,4bf58dd8d48988d102941735
Gymnastics,63be6904847c3692a84b9c0a
Gymnastics Centers,52f2ab2ebcbc57f1066b8b48
Hockey,63be6904847c3692a84b9c0b
Hockey Clubs,63be6904847c3692a84b9c0c
Hockey Fields,4f452cd44b9081a197eba860
Hockey Rinks,56aa371be4b08b9a8d57352c
Hunting Areas,63be6904847c3692a84b9c0d
Indoor Play Areas,5744ccdfe4b0c0459246b4b5
Martial Arts Dojos,4bf58dd8d48988d101941735
Paintball Fields,5032829591d4c4b30a586d5e
Personal Trainers,63be6904847c3692a84b9c0e
Race Tracks,4bf58dd8d48988d1f4931735
Racecourses,56aa371be4b08b9a8d573514
Racquet Sports,63be6904847c3692a84b9c0f
Badminton Courts,52e81612bcbc57f1066b7a2b
Racquet Sport Clubs,63be6904847c3692a84b9c10
Racquetball Clubs,63be6904847c3692a84b9c11
Squash Courts,52e81612bcbc57f1066b7a2d
Tennis,63be6904847c3692a84b9c12
Tennis Clubs,63be6904847c3692a84b9c13
Tennis Courts,4e39a956bd410d7aed40cbc3
Recreation Centers,52e81612bcbc57f1066b7a26
Rugby,63be6904847c3692a84b9c14
Rugby Pitches,52e81612bcbc57f1066b7a2c
Running and Track,63be6904847c3692a84b9c15
Running Clubs,63be6904847c3692a84b9c16
Tracks,4bf58dd8d48988d106941735
Saunas,58daa1558bbb0b01f18ec1ae
Skating,63be6904847c3692a84b9c17
Skate Parks,4bf58dd8d48988d167941735
Skating Rinks,4bf58dd8d48988d168941735
Skydiving Centers,63be6904847c3692a84b9c18
Skydiving Drop Zones,58daa1558bbb0b01f18ec1b9
Snow Sports,63be6904847c3692a84b9c19
Ski Chalets,4bf58dd8d48988d1ec941735
Ski Lodges,4bf58dd8d48988d1eb941735
Ski Resorts and Areas,4bf58dd8d48988d1e9941735
Ski Chairlifts,4eb1c0ed3b7b52c0e1adc2ea
Ski Trails,4eb1c0f63b7b52c0e1adc2eb
Soccer,63be6904847c3692a84b9c1a
Soccer Clubs,63be6904847c3692a84b9c1b
Soccer Fields,4cce455aebf7b749d5e191f5
Sports Clubs,52e81612bcbc57f1066b7a2e
Volleyball Courts,4eb1bf013b7b6f98df247e07
Water Sports,63be6904847c3692a84b9c1c
Canoe and Kayak Rentals,63be6904847c3692a84b9c1d
Rafting Outfitter,63be6904847c3692a84b9c1e
Rafting Spots,52e81612bcbc57f1066b7a29
Sailing Clubs,63be6904847c3692a84b9c1f
Scuba Diving Instructors,63be6904847c3692a84b9c20
Surfing,63be6904847c3692a84b9c21
Swimming,63be6904847c3692a84b9c22
Swim Schools,52e81612bcbc57f1066b7a44
Swimming Clubs,63be6904847c3692a84b9c23
Swimming Pools,4bf58dd8d48988d15e941735
Travel and Transportation,4d4b7105d754a06379d81259
Baggage Lockers,5744ccdfe4b0c0459246b4e8
Bike Rentals,4e4c9077bd41f78e849722f9
Boat Rentals,5744ccdfe4b0c0459246b4c1
Boats or Ferries,4bf58dd8d48988d12d951735
Border Crossings,52f2ab2ebcbc57f1066b8b4b
Cable Cars,52f2ab2ebcbc57f1066b8b50
Cruises,55077a22498e5e9248869ba2
Electric Vehicle Charging Stations,5032872391d4c4b30a586d64
Fuel Stations,4bf58dd8d48988d113951735
Hot Air Balloon Tour Agencies,63be6904847c3692a84b9c24
Lodging,63be6904847c3692a84b9c25
Bed and Breakfasts,4bf58dd8d48988d1f8931735
Boarding Houses,4f4530a74b9074f6e4fb0100
Cabins,63be6904847c3692a84b9c26
Hostels,4bf58dd8d48988d1ee931735
Hotels,4bf58dd8d48988d1fa931735
Hotel Pools,4bf58dd8d48988d132951735
Inns,5bae9231bedf3950379f89cb
Lodges,63be6904847c3692a84b9c27
Motels,4bf58dd8d48988d1fb931735
Resorts,4bf58dd8d48988d12f951735
Vacation Rentals,56aa371be4b08b9a8d5734e1
Moving Targets,4f2a23984b9023bd5841ed2c
Parking,4c38df4de52ce0d596b336e1
Piers,4e74f6cabd41c4836eac4c31
Platforms,4f4531504b9074f6e4fb0102
Ports,56aa371be4b08b9a8d57353e
Rest Areas,4d954b16a243a5684b65b473
Roads,4bf58dd8d48988d1f9931735
Intersections,52f2ab2ebcbc57f1066b8b4c
RV Parks,52f2ab2ebcbc57f1066b8b53
Toll Booths,52f2ab2ebcbc57f1066b8b4d
Toll Plazas,52f2ab2ebcbc57f1066b8b4e
Tourist Information and Services,4f4530164b9074f6e4fb00ff
Tour Providers,56aa371be4b08b9a8d573520
Trains,4bf58dd8d48988d12a951735
Transport Hubs,63be6904847c3692a84b9c28
Airports,4bf58dd8d48988d1ed931735
Airfields,5f2c42335b4c177b9a6dc927
Airport Food Courts,4bf58dd8d48988d1ef931735
Airport Gates,4bf58dd8d48988d1f0931735
Airport Lounges,4eb1bc533b7b2c5b1d4306cb
Airport Services,56aa371be4b08b9a8d57352f
Airport Terminals,4bf58dd8d48988d1eb931735
Airport Ticket Counters,60a674555c7917283bad6839
Airport Tram Stations,4bf58dd8d48988d1ec931735
Baggage Claims,5744ccdfe4b0c0459246b4e5
International Airports,63be6904847c3692a84b9c29
Planes,4bf58dd8d48988d1f7931735
Private Airports,63be6904847c3692a84b9c2a
Bus Stations,4bf58dd8d48988d1fe931735
Bus Stops,52f2ab2ebcbc57f1066b8b4f
Heliports,56aa371ce4b08b9a8d57356e
Light Rail Stations,4bf58dd8d48988d1fc931735
Marine Terminals,5f2c1af1b6d05514c704319d
Metro Stations,4bf58dd8d48988d1fd931735
Rail Stations,4bf58dd8d48988d129951735
Rental Car Locations,4bf58dd8d48988d1ef941735
Taxi Stands,53fca564498e1a175f32528b
Tram Stations,52f2ab2ebcbc57f1066b8b51
Transportation Services,54541b70498ea6ccd0204bff
Charter Buses,63be6904847c3692a84b9c2b
Limo Services,63be6904847c3692a84b9c2c
Public Transportation,63be6904847c3692a84b9c2d
Bus Lines,4bf58dd8d48988d12b951735
Taxis,4bf58dd8d48988d130951735
Travel Agencies,4f04b08c2fb6e1c99f3db0bd
Travel Lounges,4f04b25d2fb6e1c99f3db0c0
Truck Stops,57558b36e4b065ecebd306dd